game,currPrice,lowestPrice
Ary and the Secret of Seasons,£34.99,£34.99
Assassin's Creed Odyssey - Stadia Ultimate Edition,£79.99,£16.79
Assassin's Creed Origins,£59.99,£16.79
Assassin's Creed Origins - DELUXE EDITION,£67.99,£20.39
Assassin's Creed Origins - GOLD EDITION,£79.99,£26.39
Assassin's Creed Syndicate,£24.99,£9.99
Assassin's Creed Syndicate Gold Edition,£39.99,£15.99
Assassin's Creed Unity,£24.99,£9.99
Assassin's Creed Valhalla,£59.99,£42.59
Assassin's Creed Valhalla Gold Edition,£84.99,£67.99
Assassin's Creed Valhalla Ultimate Edition,£99.99,£90.99
Assassin's Creed® Odyssey,£54.99,£11.54
Attack on Titan 2: Final Battle,£54.99,£54.99
Baldur's Gate 3 Early Access,£49.99,£49.99
Borderlands®3,£49.99,£16.49
